{"cameraMode":{"drawMode":0,"name":"Shaded","section":"Shading Mode"},"sceneLighting":false,"audioPlay":false,"sceneViewState":{"showFog":true,"showMaterialUpdate":false,"showSkybox":true,"showFlares":true,"showImageEffects":true,"showParticleSystems":true},"in2DMode":false,"pivot":{"x":-7.901150703430176,"y":-3.757242202758789,"z":13.887798309326172},"rotation":{"x":0.1741405725479126,"y":-0.4747922122478485,"z":0.09644362330436707,"w":0.8572900295257568},"size":18.442354202270509,"orthographic":false}