{"cameraMode":{"drawMode":0,"name":"Shaded","section":"Shading Mode"},"sceneLighting":false,"audioPlay":false,"sceneViewState":{"showFog":true,"showMaterialUpdate":false,"showSkybox":true,"showFlares":true,"showImageEffects":true,"showParticleSystems":true},"in2DMode":false,"pivot":{"x":-0.36000001430511477,"y":2.450000047683716,"z":-14.180000305175782},"rotation":{"x":-0.39976900815963747,"y":-0.013201044872403145,"z":0.005758189596235752,"w":-0.916502833366394},"size":0.2711045444011688,"orthographic":false}