{"cameraMode":{"drawMode":0,"name":"Shaded","section":"Shading Mode"},"sceneLighting":false,"audioPlay":false,"sceneViewState":{"showFog":true,"showMaterialUpdate":false,"showSkybox":true,"showFlares":true,"showImageEffects":true,"showParticleSystems":true},"in2DMode":false,"pivot":{"x":-0.30000001192092898,"y":0.3580000102519989,"z":3.745081901550293},"rotation":{"x":-0.19505658745765687,"y":0.6289278864860535,"z":-0.1671820431947708,"w":-0.7337934970855713},"size":0.5711046457290649,"orthographic":false}