{"cameraMode":{"drawMode":0,"name":"Shaded","section":"Shading Mode"},"sceneLighting":false,"audioPlay":false,"sceneViewState":{"showFog":true,"showMaterialUpdate":false,"showSkybox":true,"showFlares":true,"showImageEffects":true,"showParticleSystems":true},"in2DMode":false,"pivot":{"x":-1.0340038537979127,"y":0.05184715986251831,"z":-0.031229496002197267},"rotation":{"x":-0.06420540809631348,"y":-0.5305019617080689,"z":0.04034283384680748,"w":-0.8442854285240173},"size":0.05715765431523323,"orthographic":false}