{"cameraMode":{"drawMode":0,"name":"Shaded","section":"Shading Mode"},"sceneLighting":false,"audioPlay":false,"sceneViewState":{"showFog":true,"showMaterialUpdate":false,"showSkybox":true,"showFlares":true,"showImageEffects":true,"showParticleSystems":true},"in2DMode":false,"pivot":{"x":1.528292179107666,"y":2.9286258220672609,"z":16.20546531677246},"rotation":{"x":0.1741405725479126,"y":-0.4747922122478485,"z":0.09644362330436707,"w":0.8572900295257568},"size":9.525026321411133,"orthographic":false}