{"cameraMode":{"drawMode":0,"name":"Shaded","section":"Shading Mode"},"sceneLighting":false,"audioPlay":false,"sceneViewState":{"showFog":true,"showMaterialUpdate":false,"showSkybox":true,"showFlares":true,"showImageEffects":true,"showParticleSystems":true},"in2DMode":false,"pivot":{"x":5.758565902709961,"y":-0.19992679357528687,"z":8.067892074584961},"rotation":{"x":0.1741405725479126,"y":-0.4747922122478485,"z":0.09644362330436707,"w":0.8572900295257568},"size":14.574728012084961,"orthographic":false}