{"cameraMode":{"drawMode":0,"name":"Shaded","section":"Shading Mode"},"sceneLighting":false,"audioPlay":false,"sceneViewState":{"showFog":true,"showMaterialUpdate":false,"showSkybox":true,"showFlares":true,"showImageEffects":true,"showParticleSystems":true},"in2DMode":false,"pivot":{"x":0.02992895245552063,"y":0.5061092376708984,"z":0.1322222352027893},"rotation":{"x":0.5136244297027588,"y":-0.0005070100305601955,"z":0.00030373656773008406,"w":0.8580149412155151},"size":1.5094600915908814,"orthographic":false}