{"cameraMode":{"drawMode":0,"name":"Shaded","section":"Shading Mode"},"sceneLighting":false,"audioPlay":false,"sceneViewState":{"showFog":true,"showMaterialUpdate":false,"showSkybox":true,"showFlares":true,"showImageEffects":true,"showParticleSystems":true},"in2DMode":false,"pivot":{"x":-0.5540075302124023,"y":0.42101144790649416,"z":-0.13125547766685487},"rotation":{"x":0.16296952962875367,"y":0.7789207696914673,"z":-0.22593136131763459,"w":0.5618525743484497},"size":1.9925930500030518,"orthographic":false}