{"cameraMode":{"drawMode":0,"name":"Shaded","section":"Shading Mode"},"sceneLighting":false,"audioPlay":false,"sceneViewState":{"showFog":true,"showMaterialUpdate":false,"showSkybox":true,"showFlares":true,"showImageEffects":true,"showParticleSystems":true},"in2DMode":false,"pivot":{"x":0.6499999761581421,"y":0.7450000047683716,"z":4.5},"rotation":{"x":-0.6734680533409119,"y":0.003326170612126589,"z":-0.0030307008419185879,"w":-0.7392027378082275},"size":1.1974575519561768,"orthographic":false}