{"cameraMode":{"drawMode":0,"name":"Shaded","section":"Shading Mode"},"sceneLighting":false,"audioPlay":false,"sceneViewState":{"showFog":true,"showMaterialUpdate":false,"showSkybox":true,"showFlares":true,"showImageEffects":true,"showParticleSystems":true},"in2DMode":false,"pivot":{"x":-2.5399999618530275,"y":0.537265419960022,"z":9.652573585510254},"rotation":{"x":-0.39976900815963747,"y":-0.013201044872403145,"z":0.005758189596235752,"w":-0.916502833366394},"size":1.263326644897461,"orthographic":false}